
[
  { "name": "Alabama", "abbr": "AL", "cities": ["Birmingham", "Montgomery", "Mobile", "Huntsville"] },
  { "name": "Alaska", "abbr": "AK", "cities": ["Anchorage", "Fairbanks", "Juneau"] },
  { "name": "Arizona", "abbr": "AZ", "cities": ["Phoenix", "Tucson", "Mesa", "Chandler"] },
  { "name": "Arkansas", "abbr": "AR", "cities": ["Little Rock", "Fayetteville", "Fort Smith"] },
  { "name": "California", "abbr": "CA", "cities": ["Los Angeles", "San Diego", "San Jose", "San Francisco"] },
  { "name": "Colorado", "abbr": "CO", "cities": ["Denver", "Colorado Springs", "Aurora", "Fort Collins"] },
  { "name": "Connecticut", "abbr": "CT", "cities": ["Bridgeport", "New Haven", "Stamford", "Hartford"] },
  { "name": "Delaware", "abbr": "DE", "cities": ["Wilmington", "Dover"] },
  { "name": "Florida", "abbr": "FL", "cities": ["Jacksonville", "Miami", "Tampa", "Orlando"] },
  { "name": "Hawaii", "abbr": "HI", "cities": ["Honolulu"] },
  { "name": "Illinois", "abbr": "IL", "cities": ["Chicago", "Aurora", "Joliet", "Naperville"] },
  { "name": "Louisiana", "abbr": "LA", "cities": ["New Orleans", "Baton Rouge", "Shreveport"] },
  { "name": "Maine", "abbr": "ME", "cities": ["Portland", "Lewiston"] },
  { "name": "Maryland", "abbr": "MD", "cities": ["Baltimore", "Columbia", "Germantown"] },
  { "name": "Massachusetts", "abbr": "MA", "cities": ["Boston", "Worcester", "Springfield"] },
  { "name": "Michigan", "abbr": "MI", "cities": ["Detroit", "Grand Rapids", "Warren"] },
  { "name": "Minnesota", "abbr": "MN", "cities": ["Minneapolis", "Saint Paul", "Rochester"] },
  { "name": "Mississippi", "abbr": "MS", "cities": ["Jackson", "Gulfport"] },
  { "name": "Missouri", "abbr": "MO", "cities": ["Kansas City", "Saint Louis", "Springfield"] },
  { "name": "Montana", "abbr": "MT", "cities": ["Billings", "Missoula"] },
  { "name": "Nevada", "abbr": "NV", "cities": ["Las Vegas", "Henderson", "Reno"] },
  { "name": "New Hampshire", "abbr": "NH", "cities": ["Manchester", "Nashua"] },
  { "name": "New Jersey", "abbr": "NJ", "cities": ["Newark", "Jersey City", "Paterson"] },
  { "name": "New Mexico", "abbr": "NM", "cities": ["Albuquerque", "Las Cruces"] },
  { "name": "New York", "abbr": "NY", "cities": ["New York", "Buffalo", "Rochester", "Yonkers"] },
  { "name": "North Dakota", "abbr": "ND", "cities": ["Fargo", "Bismarck"] },
  { "name": "Ohio", "abbr": "OH", "cities": ["Columbus", "Cleveland", "Cincinnati", "Toledo"] },
  { "name": "Oklahoma", "abbr": "OK", "cities": ["Oklahoma City", "Tulsa"] },
  { "name": "Oregon", "abbr": "OR", "cities": ["Portland", "Salem", "Eugene"] },
  { "name": "Pennsylvania", "abbr": "PA", "cities": ["Philadelphia", "Pittsburgh", "Allentown"] },
  { "name": "Rhode Island", "abbr": "RI", "cities": ["Providence", "Cranston", "Warwick"] },
  { "name": "South Dakota", "abbr": "SD", "cities": ["Sioux Falls", "Rapid City"] },
  { "name": "Utah", "abbr": "UT", "cities": ["Salt Lake City", "West Valley City"] },
  { "name": "Vermont", "abbr": "VT", "cities": ["Burlington"] },
  { "name": "Virginia", "abbr": "VA", "cities": ["Virginia Beach", "Norfolk", "Chesapeake"] },
  { "name": "Washington", "abbr": "WA", "cities": ["Seattle", "Spokane", "Tacoma"] },
  { "name": "West Virginia", "abbr": "WV", "cities": ["Charleston", "Huntington"] },
  { "name": "District of Columbia", "abbr": "DC", "cities": ["Washington"] }
]
